fdr	TP	FN	FP	TN	FDR	Power	model
0	0	0.5176704828272772	0	0.48232951717272277	NA	0	1
0.001	0.5087108013937283	0.008959681433549029	0.0038161606105856978	0.47851335656213706	0.007445775331822596	0.9826923076923076	1
0.002	0.5092085614733698	0.008461921353907416	0.004313920690227311	0.4780155964824954	0.008400646203554121	0.9836538461538461	1
0.003	0.5107018417122947	0.006968641114982578	0.005309440849510536	0.4770200763232122	0.010289389067524114	0.9865384615384615	1
0.004	0.5110336817653891	0.00663680106188817	0.00663680106188817	0.4756927161108346	0.012820512820512822	0.9871794871794872	1
0.005	0.5113655218184835	0.006304961008793761	0.007964161274265804	0.47436535589845696	0.015335463258785941	0.9878205128205129	1
0.006	0.5115314418450307	0.006139040982246557	0.008959681433549029	0.47336983573917374	0.017213898629263622	0.9881410256410256	1
0.007	0.5116973618715779	0.005973120955699353	0.00978928156628505	0.4725402356064377	0.018771874005727014	0.9884615384615385	1
0.008	0.5116973618715779	0.005973120955699353	0.010784801725568276	0.4715447154471545	0.0206414734836456	0.9884615384615385	1
0.009000000000000001	0.5116973618715779	0.005973120955699353	0.011448481831757094	0.47088103534096565	0.021883920076117985	0.9884615384615385	1
0.01	0.5116973618715779	0.005973120955699353	0.012278081964493114	0.4700514352082296	0.023432552248258392	0.9884615384615385	1
0.011	0.5118632818981251	0.005807200929152149	0.013605442176870748	0.468724074995852	0.0258920113672245	0.9887820512820513	1
0.012	0.5121951219512195	0.0054753608760577405	0.014269122283059566	0.46806039488966317	0.02710368736211787	0.989423076923077	1
0.013000000000000001	0.5123610419777667	0.005309440849510536	0.015098722415795587	0.46723079475692714	0.02862535388486946	0.9897435897435897	1
0.014	0.5123610419777667	0.005309440849510536	0.016094242575078813	0.4662352745976439	0.0304552590266876	0.9897435897435897	1
0.015	0.5128588020574083	0.004811680769868923	0.017255682760909243	0.4650738344118135	0.032550860719874807	0.9907051282051282	1
0.016	0.5128588020574083	0.004811680769868923	0.017421602787456445	0.4649079143852663	0.03285356695869838	0.9907051282051282	1
0.017	0.5130247220839556	0.004645760743321719	0.017753442840550856	0.4645760743321719	0.033447952485151616	0.9910256410256411	1
0.018000000000000002	0.5133565621370499	0.004313920690227311	0.018583042973286876	0.4637464741994359	0.03493449781659389	0.9916666666666667	1
0.019	0.5133565621370499	0.004313920690227311	0.018914883026381283	0.4634146341463415	0.0355361596009975	0.9916666666666667	1
0.02	0.5133565621370499	0.004313920690227311	0.019744483159117306	0.46258503401360546	0.03703703703703704	0.9916666666666667	1
0.021	0.5133565621370499	0.004313920690227311	0.02024224323875892	0.4620872739339638	0.03793532338308458	0.9916666666666667	1
0.022	0.5133565621370499	0.004313920690227311	0.02156960345113655	0.4607599137215862	0.04032258064516129	0.9916666666666667	1
0.023	0.5135224821635972	0.004148000663680106	0.022067363530778164	0.46026215364194456	0.04120198265179677	0.9919871794871794	1
0.024	0.5136884021901443	0.003982080637132902	0.022399203583872575	0.45993031358885017	0.04178272980501393	0.9923076923076923	1
0.025	0.5136884021901443	0.003982080637132902	0.023892483822797413	0.45843703334992536	0.044444444444444446	0.9923076923076923	1
0.026000000000000002	0.5136884021901443	0.003982080637132902	0.024722083955533432	0.45760743321718933	0.04591679506933744	0.9923076923076923	1
0.027	0.5136884021901443	0.003982080637132902	0.025717604114816658	0.4566119130579061	0.04767763764995386	0.9923076923076923	1
0.028	0.5136884021901443	0.003982080637132902	0.02654720424755268	0.4557823129251701	0.04914004914004915	0.9923076923076923	1
0.029	0.5136884021901443	0.003982080637132902	0.027210884353741496	0.45511863281898124	0.05030674846625766	0.9923076923076923	1
0.03	0.5136884021901443	0.003982080637132902	0.028372324539571926	0.4539571926331508	0.05234159779614325	0.9923076923076923	1
0.031	0.5136884021901443	0.003982080637132902	0.029533764725402357	0.4527957524473204	0.05436774587660354	0.9923076923076923	1
0.032	0.5136884021901443	0.003982080637132902	0.030363364858138377	0.45196615231458437	0.055809698078682524	0.9923076923076923	1
0.033	0.5136884021901443	0.003982080637132902	0.0313588850174216	0.45097063215530114	0.05753424657534247	0.9923076923076923	1
0.034	0.5136884021901443	0.003982080637132902	0.032188485150157625	0.4501410320225651	0.05896656534954408	0.9923076923076923	1
0.035	0.5136884021901443	0.003982080637132902	0.03301808528289365	0.4493114318898291	0.060394537177541736	0.9923076923076923	1
0.036000000000000004	0.5136884021901443	0.003982080637132902	0.033847685415629665	0.4484818317570931	0.06181818181818182	0.9923076923076923	1
0.037	0.5136884021901443	0.003982080637132902	0.0350091256014601	0.44732039157126263	0.06380405201088601	0.9923076923076923	1
0.038	0.5136884021901443	0.003982080637132902	0.03550688568110171	0.44682263149162105	0.06465256797583083	0.9923076923076923	1
0.039	0.5136884021901443	0.003982080637132902	0.03650240584038494	0.4458271113323378	0.06634499396863693	0.9923076923076923	1
0.04	0.5136884021901443	0.003982080637132902	0.03816160610585698	0.44416791106686576	0.06915213469633194	0.9923076923076923	1
0.041	0.5136884021901443	0.003982080637132902	0.0391571262651402	0.44317239090758254	0.07082833133253301	0.9923076923076923	1
0.042	0.5136884021901443	0.003982080637132902	0.039986726397876225	0.4423427907748465	0.07222055738687444	0.9923076923076923	1
0.043000000000000003	0.5136884021901443	0.003982080637132902	0.04065040650406504	0.4416791106686577	0.07333133792277761	0.9923076923076923	1
0.044	0.5136884021901443	0.003982080637132902	0.041314086610253854	0.4410154305624689	0.07443946188340807	0.9923076923076923	1
0.045	0.5136884021901443	0.003982080637132902	0.04330512692882031	0.43902439024390244	0.07774798927613942	0.9923076923076923	1
0.046	0.5136884021901443	0.003982080637132902	0.043968807035009126	0.4383607101377136	0.07884558167212138	0.9923076923076923	1
0.047	0.5138543222166916	0.0038161606105856978	0.04529616724738676	0.437033349925336	0.08100890207715133	0.9926282051282053	1
0.048	0.5138543222166916	0.0038161606105856978	0.0467894474863116	0.4355400696864111	0.08345664397750813	0.9926282051282053	1
0.049	0.5138543222166916	0.0038161606105856978	0.047784967645594825	0.4345445495271279	0.08508124076809453	0.9926282051282053	1
0.05	0.5138543222166916	0.0038161606105856978	0.04811680769868923	0.4342127094740335	0.08562149394744611	0.9926282051282053	1
0.051000000000000004	0.5138543222166916	0.0038161606105856978	0.04844864775178364	0.4338808694209391	0.0861611094718206	0.9926282051282053	1
0.052000000000000005	0.5138543222166916	0.0038161606105856978	0.049112327857972454	0.4332171893147503	0.08723843206601826	0.9926282051282053	1
0.053	0.5138543222166916	0.0038161606105856978	0.04994192799070848	0.43238758918201425	0.08858151854031782	0.9926282051282053	1
0.054	0.5138543222166916	0.0038161606105856978	0.0507715281234445	0.4315579890492782	0.08992065824272699	0.9926282051282053	1
0.055	0.514186162269786	0.003484320557491289	0.05226480836236934	0.4300647088103534	0.09226713532513181	0.9932692307692308	1
0.056	0.514186162269786	0.003484320557491289	0.053426248548199766	0.428903268624523	0.0941245249926922	0.9932692307692308	1
0.057	0.514186162269786	0.003484320557491289	0.0547536087605774	0.4275759084121453	0.09623797025371827	0.9932692307692308	1
0.058	0.5143520822963331	0.003318400530944085	0.05574912891986063	0.4265803882528621	0.09778812572759023	0.9935897435897435	1
0.059000000000000004	0.5143520822963331	0.003318400530944085	0.05657872905259665	0.4257507881201261	0.09909909909909911	0.9935897435897435	1
0.06	0.5145180023228804	0.0031524805043968806	0.05740832918533267	0.4249211879873901	0.1003771395416304	0.9939102564102564	1
0.061	0.5145180023228804	0.0031524805043968806	0.05840384934461589	0.42392566782810687	0.10194034173182741	0.9939102564102564	1
0.062	0.5146839223494276	0.0029865604778496766	0.058901609424257505	0.4234279077484652	0.10269019380966155	0.9942307692307691	1
0.063	0.5146839223494276	0.0029865604778496766	0.05973120955699353	0.4225983076157292	0.10398613518197573	0.9942307692307691	1
0.064	0.5146839223494276	0.0029865604778496766	0.061224489795918366	0.4211050273768044	0.10630942091616248	0.9942307692307691	1
0.065	0.5146839223494276	0.0029865604778496766	0.06222000995520159	0.42010950721752116	0.1078515962036238	0.9942307692307691	1
0.066	0.5146839223494276	0.0029865604778496766	0.06304961008793761	0.41927990708478513	0.10913268236645604	0.9942307692307691	1
0.067	0.5146839223494276	0.0029865604778496766	0.06404513024722083	0.4182843869255019	0.11066513761467889	0.9942307692307691	1
0.068	0.5146839223494276	0.0029865604778496766	0.06570433051269288	0.41662518666002984	0.11320754716981131	0.9942307692307691	1
0.069	0.5146839223494276	0.0029865604778496766	0.0666998506719761	0.4156296665007466	0.11472602739726026	0.9942307692307691	1
0.07	0.5148498423759748	0.002820640451302472	0.06786129085780654	0.4144682263149162	0.11645785876993167	0.9945512820512821	1
0.07100000000000001	0.5148498423759748	0.002820640451302472	0.06852497096399536	0.4138045462087274	0.11746302616609786	0.9945512820512821	1
0.07200000000000001	0.5148498423759748	0.002820640451302472	0.06952049112327859	0.4128090260494442	0.1189664963089154	0.9945512820512821	1
0.073	0.5148498423759748	0.002820640451302472	0.070681931309109	0.4116475858636137	0.12071408330971946	0.9945512820512821	1
0.074	0.5148498423759748	0.002820640451302472	0.07184337149493944	0.4104861456777833	0.12245475113122171	0.9945512820512821	1
0.075	0.5148498423759748	0.002820640451302472	0.07250705160112826	0.4098224655715945	0.12344632768361584	0.9945512820512821	1
0.076	0.5148498423759748	0.002820640451302472	0.07317073170731707	0.4091587854654057	0.12443566591422123	0.9945512820512821	1
0.077	0.5148498423759748	0.002820640451302472	0.0746640119462419	0.4076655052264808	0.12665353222628764	0.9945512820512821	1
0.078	0.5148498423759748	0.002820640451302472	0.07615729218516674	0.406172224987556	0.1288601909039865	0.9945512820512821	1
0.079	0.5148498423759748	0.002820640451302472	0.07698689231790277	0.40534262485482	0.13008130081300814	0.9945512820512821	1
0.08	0.5148498423759748	0.002820640451302472	0.0781483325037332	0.40418118466898956	0.13178511471740345	0.9945512820512821	1
0.081	0.5148498423759748	0.002820640451302472	0.07864609258337481	0.4036834245893479	0.13251327928431644	0.9945512820512821	1
0.082	0.5148498423759748	0.002820640451302472	0.07930977268956363	0.40301974448315914	0.13348226752303827	0.9945512820512821	1
0.083	0.5148498423759748	0.002820640451302472	0.08013937282229965	0.4021901443504231	0.1346904629113218	0.9945512820512821	1
0.084	0.5148498423759748	0.002820640451302472	0.08130081300813008	0.4010287041645927	0.13637628722516004	0.9945512820512821	1
0.085	0.5148498423759748	0.002820640451302472	0.0819644931143189	0.40036502405840385	0.1373366694467612	0.9945512820512821	1
0.08600000000000001	0.5148498423759748	0.002820640451302472	0.08279409324705492	0.3995354239256678	0.1385341476957246	0.9945512820512821	1
0.08700000000000001	0.5148498423759748	0.002820640451302472	0.08378961340633814	0.3985399037663846	0.13996674057649666	0.9945512820512821	1
0.088	0.5148498423759748	0.002820640451302472	0.08495105359216858	0.3973784635805542	0.14163208852005532	0.9945512820512821	1
0.089	0.5148498423759748	0.002820640451302472	0.08544881367181019	0.39688070350091254	0.1423438363736871	0.9945512820512821	1
0.09	0.5148498423759748	0.002820640451302472	0.0862784138045462	0.39605110336817656	0.14352746342809827	0.9945512820512821	1
0.091	0.5148498423759748	0.002820640451302472	0.08793761407001825	0.3943919031027045	0.14588494357280488	0.9945512820512821	1
0.092	0.5148498423759748	0.002820640451302472	0.08876721420275427	0.39356230296996847	0.14705882352941177	0.9945512820512821	1
0.093	0.5148498423759748	0.002820640451302472	0.08943089430894309	0.39289862286377963	0.14799560680944535	0.9945512820512821	1
0.094	0.5148498423759748	0.002820640451302472	0.09009457441513191	0.39223494275759085	0.14893033461327485	0.9945512820512821	1
0.095	0.5148498423759748	0.002820640451302472	0.09042641446822632	0.3919031027044964	0.1493969298245614	0.9945512820512821	1
0.096	0.5148498423759748	0.002820640451302472	0.09092417454786793	0.3914053426248548	0.1500958641468091	0.9945512820512821	1
0.097	0.5148498423759748	0.002820640451302472	0.09274929483988717	0.38958022233283557	0.15264882577826325	0.9945512820512821	1
0.098	0.5148498423759748	0.002820640451302472	0.0935788949726232	0.38875062220009954	0.15380419961821654	0.9945512820512821	1
0.099	0.5148498423759748	0.002820640451302472	0.09440849510535922	0.3879210220673635	0.15495642701525056	0.9945512820512821	1
0.1	0.5148498423759748	0.002820640451302472	0.09556993529118965	0.3867595818815331	0.15656428377276435	0.9945512820512821	1
0.11	0.5153476024556164	0.0023228803716608595	0.10569105691056911	0.37663846026215364	0.1701843441090035	0.9955128205128205	1
0.12	0.5156794425087108	0.001991040318566451	0.11282561805209888	0.36950389912062387	0.17951425554382258	0.9961538461538462	1
0.13	0.515845362535258	0.0018251202920192466	0.12178529948564792	0.36054421768707484	0.1909966172261254	0.9964743589743591	1
0.14	0.515845362535258	0.0018251202920192466	0.13422930147668824	0.3481002156960345	0.20648289943848902	0.9964743589743591	1
0.15	0.5160112825618052	0.0016592002654720426	0.14352082296333168	0.3388086942093911	0.2176100628930818	0.9967948717948718	1
0.16	0.5160112825618052	0.0016592002654720426	0.15513522482163597	0.32719429235108677	0.2311495673671199	0.9967948717948718	1
0.16999999999999998	0.5160112825618052	0.0016592002654720426	0.1642608262817322	0.31806869089099055	0.24146341463414633	0.9967948717948718	1
0.18	0.5163431226148996	0.001327360212377634	0.17405010784801725	0.3082794093247055	0.2521028598894497	0.9974358974358973	1
0.19	0.5165090426414468	0.0011614401858304297	0.18433714949394392	0.29799236767877885	0.2630208333333333	0.9977564102564103	1
0.2	0.5166749626679941	9.955201592832255e-4	0.19346275095404014	0.28886676621868257	0.27242990654205607	0.998076923076923	1
0.21000000000000002	0.5168408826945412	8.296001327360213e-4	0.20175875228140036	0.2805707648913224	0.2807665666127915	0.9983974358974359	1
0.22	0.5168408826945412	8.296001327360213e-4	0.21022067363530778	0.272108843537415	0.28913738019169327	0.9983974358974359	1
0.22999999999999998	0.5170068027210885	6.63680106188817e-4	0.21934627509540403	0.2629832420773187	0.2978819287967553	0.9987179487179488	1
0.24	0.5171727227476356	4.977600796416127e-4	0.23162435705989712	0.2507051601128256	0.30932860624861513	0.9990384615384614	1
0.25	0.5171727227476356	4.977600796416127e-4	0.24041811846689895	0.2419113987058238	0.3173455978975033	0.9990384615384614	1
0.26	0.5171727227476356	4.977600796416127e-4	0.25153476024556165	0.23079475692716112	0.3272177854521908	0.9990384615384614	1
0.27	0.5171727227476356	4.977600796416127e-4	0.2616558818649411	0.22067363530778164	0.335960801022582	0.9990384615384614	1
0.28	0.5171727227476356	4.977600796416127e-4	0.27011780321884854	0.21221171395387423	0.34309799789251844	0.9990384615384614	1
0.29	0.5171727227476356	4.977600796416127e-4	0.27841380454620873	0.20391571262651403	0.3499478623566215	0.9990384615384614	1
0.3	0.5171727227476356	4.977600796416127e-4	0.28770532603285215	0.1946241911398706	0.35745207173778604	0.9990384615384614	1
0.31	0.5171727227476356	4.977600796416127e-4	0.29915380786460927	0.1831757093081135	0.36646341463414633	0.9990384615384614	1
0.32	0.5173386427741828	3.318400530944085e-4	0.3081134892981583	0.17421602787456447	0.3732663316582915	0.9993589743589744	1
0.33	0.5173386427741828	3.318400530944085e-4	0.31790277086444335	0.16442674630827941	0.3806118394914581	0.9993589743589744	1
0.34	0.5173386427741828	3.318400530944085e-4	0.32653061224489793	0.15579890492782478	0.38694455367675973	0.9993589743589744	1
0.35	0.5175045628007301	1.6592002654720425e-4	0.33349925335988057	0.1488302638128422	0.39188925716513945	0.9996794871794871	1
0.36	0.5175045628007301	1.6592002654720425e-4	0.34146341463414637	0.1408661025385764	0.39752752559397336	0.9996794871794871	1
0.37	0.5175045628007301	1.6592002654720425e-4	0.3532437365189978	0.1290857806537249	0.4056783536585365	0.9996794871794871	1
0.38	0.5175045628007301	1.6592002654720425e-4	0.36187157789945246	0.12045793927327028	0.41150943396226414	0.9996794871794871	1
0.39	0.5176704828272772	0	0.37016757922681265	0.11216193794591008	0.4169314146888432	1	1
0.39999999999999997	0.5176704828272772	0	0.3787954206072673	0.10353409656545545	0.4225430316490838	1	1
0.41	0.5176704828272772	0	0.3894143023062884	0.09291521486643438	0.4293030912749223	1	1
0.42	0.5176704828272772	0	0.3987058237929318	0.08362369337979095	0.4350896252036936	1	1
0.43	0.5176704828272772	0	0.40849510535921685	0.07383441181350589	0.44106055177355785	1	1
0.44	0.5176704828272772	0	0.4171229467396715	0.06520657043305127	0.4462193823216188	1	1
0.45	0.5176704828272772	0	0.4265803882528621	0.05574912891986063	0.45176594623089084	1	1
0.46	0.5176704828272772	0	0.4385266301642608	0.043802887008461924	0.45861530452889115	1	1
0.47	0.5176704828272772	0	0.45047287207565956	0.031856645097063215	0.46529562982005146	1	1
0.48	0.5176704828272772	0	0.4620872739339638	0.02024224323875892	0.4716342082980525	1	1
0.49	0.5176704828272772	0	0.4718765555002489	0.010452961672473868	0.4768611670020121	1	1
0.5	0.5176704828272772	0	0.48232951717272277	0	0.48232951717272277	1	1
0	0	0.5176704828272772	0	0.48232951717272277	NA	0	2
0.001	0.5083789613406338	0.009291521486643438	0.0029865604778496766	0.4793429566948731	0.005840363400389357	0.982051282051282	2
0.002	0.5088767214202754	0.008793761407001825	0.0044798407167745144	0.4778496764559482	0.008726567550096962	0.9830128205128205	2
0.003	0.5097063215530114	0.007964161274265804	0.0051435208229633315	0.4771859963497594	0.009990331936835321	0.9846153846153847	2
0.004	0.5107018417122947	0.006968641114982578	0.006470881035340966	0.4758586361373818	0.012512030798845043	0.9865384615384615	2
0.005	0.5110336817653891	0.00663680106188817	0.007964161274265804	0.47436535589845696	0.015345268542199487	0.9871794871794872	2
0.006	0.5111996017919362	0.006470881035340966	0.008959681433549029	0.47336983573917374	0.01722488038277512	0.9874999999999999	2
0.007	0.5113655218184835	0.006304961008793761	0.009623361539737847	0.4727061556329849	0.018471337579617834	0.9878205128205129	2
0.008	0.5113655218184835	0.006304961008793761	0.010452961672473868	0.4718765555002489	0.02003179650238474	0.9878205128205129	2
0.009000000000000001	0.5113655218184835	0.006304961008793761	0.011448481831757094	0.47088103534096565	0.021897810218978103	0.9878205128205129	2
0.01	0.5116973618715779	0.005973120955699353	0.01211216193794591	0.4702173552347768	0.023123218245169462	0.9884615384615385	2
0.011	0.5120292019246723	0.005641280902604944	0.013439522150323544	0.4688899950223992	0.025576255131038842	0.989102564102564	2
0.012	0.5120292019246723	0.005641280902604944	0.014269122283059566	0.46806039488966317	0.027112232030264822	0.989102564102564	2
0.013000000000000001	0.5125269620043139	0.0051435208229633315	0.014932802389248382	0.4673967147834744	0.028310789556464294	0.9900641025641026	2
0.014	0.5125269620043139	0.0051435208229633315	0.015762402521984402	0.46656711465073836	0.029836683417085428	0.9900641025641026	2
0.015	0.5125269620043139	0.0051435208229633315	0.016260162601626018	0.4660693545710967	0.030749921556322564	0.9900641025641026	2
0.016	0.5128588020574083	0.004811680769868923	0.016923842707814832	0.46540567446490794	0.03194487942373943	0.9907051282051282	2
0.017	0.5130247220839556	0.004645760743321719	0.017753442840550856	0.4645760743321719	0.033447952485151616	0.9910256410256411	2
0.018000000000000002	0.5130247220839556	0.004645760743321719	0.018583042973286876	0.4637464741994359	0.03495630461922597	0.9910256410256411	2
0.019	0.5131906421105027	0.0044798407167745144	0.019412643106022896	0.46291687406669985	0.03644859813084112	0.9913461538461538	2
0.02	0.5133565621370499	0.004313920690227311	0.020076323212211714	0.462253193960511	0.03763608087091757	0.9916666666666667	2
0.021	0.5133565621370499	0.004313920690227311	0.02040816326530612	0.4619213539074166	0.03823437985700963	0.9916666666666667	2
0.022	0.5133565621370499	0.004313920690227311	0.020905923344947737	0.46142359382777504	0.03913043478260869	0.9916666666666667	2
0.023	0.5135224821635972	0.004148000663680106	0.022067363530778164	0.46026215364194456	0.04120198265179677	0.9919871794871794	2
0.024	0.5135224821635972	0.004148000663680106	0.022565123610419777	0.459764393562303	0.04209223150727329	0.9919871794871794	2
0.025	0.5135224821635972	0.004148000663680106	0.023560643769703002	0.45876887340301975	0.04386777880753784	0.9919871794871794	2
0.026000000000000002	0.5135224821635972	0.004148000663680106	0.02422432387589182	0.4581051932968309	0.04504782474544893	0.9919871794871794	2
0.027	0.5135224821635972	0.004148000663680106	0.025219844035175045	0.4571096731375477	0.04681244225438866	0.9919871794871794	2
0.028	0.5135224821635972	0.004148000663680106	0.02621536419445827	0.45611415297826446	0.04857055026129726	0.9919871794871794	2
0.029	0.5135224821635972	0.004148000663680106	0.027044964327194294	0.45528455284552843	0.050030693677102514	0.9919871794871794	2
0.03	0.5135224821635972	0.004148000663680106	0.027708644433383108	0.45462087273933965	0.051195585530349474	0.9919871794871794	2
0.031	0.5135224821635972	0.004148000663680106	0.029201924672307946	0.4531275925004148	0.05380617548150412	0.9919871794871794	2
0.032	0.5135224821635972	0.004148000663680106	0.030197444831591175	0.45213207234113156	0.055538602380225816	0.9919871794871794	2
0.033	0.5135224821635972	0.004148000663680106	0.031524805043968804	0.45080471212875395	0.057838660578386596	0.9919871794871794	2
0.034	0.5135224821635972	0.004148000663680106	0.032520325203252036	0.4498091919694707	0.05955636584624735	0.9919871794871794	2
0.035	0.5135224821635972	0.004148000663680106	0.03351584536253526	0.4488136718101875	0.06126781922960267	0.9919871794871794	2
0.036000000000000004	0.5135224821635972	0.004148000663680106	0.034511365521818486	0.4478181516509043	0.06297305479866788	0.9919871794871794	2
0.037	0.5135224821635972	0.004148000663680106	0.0351750456280073	0.44715447154471544	0.0641064408829755	0.9919871794871794	2
0.038	0.5135224821635972	0.004148000663680106	0.03550688568110171	0.44682263149162105	0.0646721063765488	0.9919871794871794	2
0.039	0.5135224821635972	0.004148000663680106	0.03683424589347934	0.44549527127924343	0.06692794694000602	0.9919871794871794	2
0.04	0.5135224821635972	0.004148000663680106	0.03832752613240418	0.44400199104031857	0.06945279615153337	0.9919871794871794	2
0.041	0.5135224821635972	0.004148000663680106	0.039654886344781815	0.44267463082794095	0.07168566286742652	0.9919871794871794	2
0.042	0.5135224821635972	0.004148000663680106	0.04065040650406504	0.4416791106686577	0.07335329341317365	0.9919871794871794	2
0.043000000000000003	0.5136884021901443	0.003982080637132902	0.042309606769537086	0.44001991040318567	0.07609668755595345	0.9923076923076923	2
0.044	0.5136884021901443	0.003982080637132902	0.043471046955367514	0.43885847021735525	0.07802263251935676	0.9923076923076923	2
0.045	0.5136884021901443	0.003982080637132902	0.04463248714119794	0.4376970300315248	0.07994056463595839	0.9923076923076923	2
0.046	0.5136884021901443	0.003982080637132902	0.045462087273933964	0.4368674298987888	0.08130563798219585	0.9923076923076923	2
0.047	0.5136884021901443	0.003982080637132902	0.045793927327028375	0.43653558984569435	0.0818505338078292	0.9923076923076923	2
0.048	0.5136884021901443	0.003982080637132902	0.04645760743321719	0.43587190973950557	0.08293838862559243	0.9923076923076923	2
0.049	0.5136884021901443	0.003982080637132902	0.0467894474863116	0.4355400696864111	0.08348134991119005	0.9923076923076923	2
0.05	0.5138543222166916	0.0038161606105856978	0.047619047619047616	0.43471046955367515	0.08481087470449171	0.9926282051282053	2
0.051000000000000004	0.5140202422432387	0.0036502405840384933	0.04861456777833084	0.4337149493943919	0.08640519020937777	0.9929487179487179	2
0.052000000000000005	0.514186162269786	0.003484320557491289	0.049776007964161276	0.43255350920856145	0.088261253309797	0.9932692307692308	2
0.053	0.514186162269786	0.003484320557491289	0.0507715281234445	0.4315579890492782	0.08986784140969162	0.9932692307692308	2
0.054	0.5143520822963331	0.003318400530944085	0.05209888833582214	0.4302306288369006	0.09197422378441712	0.9935897435897435	2
0.055	0.5143520822963331	0.003318400530944085	0.05309440849510536	0.4292351086776174	0.09356725146198831	0.9935897435897435	2
0.056	0.5143520822963331	0.003318400530944085	0.0547536087605774	0.4275759084121453	0.09620991253644315	0.9935897435897435	2
0.057	0.5143520822963331	0.003318400530944085	0.055583208893313425	0.42674630827940935	0.0975254730713246	0.9935897435897435	2
0.058	0.5143520822963331	0.003318400530944085	0.05624688899950224	0.4260826281732205	0.09857516719976737	0.9935897435897435	2
0.059000000000000004	0.5143520822963331	0.003318400530944085	0.057574249211879876	0.4247552679608429	0.1006672468813461	0.9935897435897435	2
0.06	0.5143520822963331	0.003318400530944085	0.05939936950389912	0.42293014766882364	0.10352805089647195	0.9935897435897435	2
0.061	0.5145180023228804	0.0031524805043968806	0.05973120955699353	0.4225983076157292	0.10401618029471252	0.9939102564102564	2
0.062	0.5145180023228804	0.0031524805043968806	0.06072672971627675	0.42160278745644597	0.10556677242572829	0.9939102564102564	2
0.063	0.5145180023228804	0.0031524805043968806	0.061390409822465575	0.4209391073502572	0.1065975223278594	0.9939102564102564	2
0.064	0.5145180023228804	0.0031524805043968806	0.06155632984901278	0.42077318732371	0.10685483870967741	0.9939102564102564	2
0.065	0.5145180023228804	0.0031524805043968806	0.06321553011448482	0.41911398705823794	0.10941987363584148	0.9939102564102564	2
0.066	0.5145180023228804	0.0031524805043968806	0.06404513024722083	0.4182843869255019	0.11069687410381417	0.9939102564102564	2
0.067	0.5145180023228804	0.0031524805043968806	0.06487473037995686	0.4174547867927659	0.11197021764032074	0.9939102564102564	2
0.068	0.5145180023228804	0.0031524805043968806	0.0663680106188817	0.41596150655384106	0.11425307055127105	0.9939102564102564	2
0.069	0.5145180023228804	0.0031524805043968806	0.06719761075161772	0.41513190642110503	0.11551625784369653	0.9939102564102564	2
0.07	0.5145180023228804	0.0031524805043968806	0.06819313091090094	0.4141363862618218	0.11702733485193621	0.9939102564102564	2
0.07100000000000001	0.5145180023228804	0.0031524805043968806	0.06985233117637299	0.41247718599634975	0.119534355479841	0.9939102564102564	2
0.07200000000000001	0.5145180023228804	0.0031524805043968806	0.07051601128256181	0.41181350589016097	0.12053318207600681	0.9939102564102564	2
0.073	0.5145180023228804	0.0031524805043968806	0.07151153144184504	0.41081798573087774	0.12202718006795017	0.9939102564102564	2
0.074	0.5145180023228804	0.0031524805043968806	0.07250705160112826	0.4098224655715945	0.1235161107970605	0.9939102564102564	2
0.075	0.5145180023228804	0.0031524805043968806	0.07300481168076987	0.4093247054919529	0.12425868398757414	0.9939102564102564	2
0.076	0.5146839223494276	0.0029865604778496766	0.0743321718931475	0.40799734527957526	0.12619718309859154	0.9942307692307691	2
0.077	0.5146839223494276	0.0029865604778496766	0.07532769205243073	0.40700182512029204	0.12767154105736783	0.9942307692307691	2
0.078	0.5146839223494276	0.0029865604778496766	0.07648913223826116	0.40584038493446156	0.12938534942464217	0.9942307692307691	2
0.079	0.5146839223494276	0.0029865604778496766	0.07781649245063879	0.40451302472208395	0.13133576029123492	0.9942307692307691	2
0.08	0.5146839223494276	0.0029865604778496766	0.07897793263646923	0.4033515845362535	0.1330352152040246	0.9942307692307691	2
0.081	0.5146839223494276	0.0029865604778496766	0.07997345279575245	0.4023560643769703	0.13448660714285715	0.9942307692307691	2
0.082	0.5146839223494276	0.0029865604778496766	0.08047121287539406	0.40185830429732866	0.13521048229718427	0.9942307692307691	2
0.083	0.5146839223494276	0.0029865604778496766	0.08113489298158287	0.4011946241911399	0.1361737677527151	0.9942307692307691	2
0.084	0.5146839223494276	0.0029865604778496766	0.0821304131408661	0.40019910403185666	0.13761467889908255	0.9942307692307691	2
0.085	0.5146839223494276	0.0029865604778496766	0.08345777335324374	0.398871743819479	0.13952843273231622	0.9942307692307691	2
0.08600000000000001	0.5146839223494276	0.0029865604778496766	0.08461921353907417	0.39771030363364857	0.14119601328903653	0.9942307692307691	2
0.08700000000000001	0.5146839223494276	0.0029865604778496766	0.0859465737514518	0.39638294342127095	0.1430939226519337	0.9942307692307691	2
0.088	0.5146839223494276	0.0029865604778496766	0.08710801393728224	0.39522150323544053	0.14474772539288666	0.9942307692307691	2
0.089	0.5146839223494276	0.0029865604778496766	0.08793761407001825	0.3943919031027045	0.1459251101321586	0.9942307692307691	2
0.09	0.5146839223494276	0.0029865604778496766	0.08843537414965986	0.39389414302306286	0.1466299862448418	0.9942307692307691	2
0.091	0.5146839223494276	0.0029865604778496766	0.08926497428239588	0.3930645428903269	0.14780219780219778	0.9942307692307691	2
0.092	0.5146839223494276	0.0029865604778496766	0.0899286543885847	0.39240086278413805	0.14873765093304062	0.9942307692307691	2
0.093	0.5146839223494276	0.0029865604778496766	0.09142193462750954	0.3909075825452132	0.15083493019436078	0.9942307692307691	2
0.094	0.5146839223494276	0.0029865604778496766	0.09308113489298159	0.3892483822797412	0.15315315315315317	0.9942307692307691	2
0.095	0.5146839223494276	0.0029865604778496766	0.0935788949726232	0.38875062220009954	0.15384615384615385	0.9942307692307691	2
0.096	0.5146839223494276	0.0029865604778496766	0.09424257507881201	0.38808694209391076	0.15476839237057222	0.9942307692307691	2
0.097	0.5146839223494276	0.0029865604778496766	0.09507217521154804	0.38725734196117473	0.15591836734693876	0.9942307692307691	2
0.098	0.5146839223494276	0.0029865604778496766	0.09573585531773685	0.3865936618549859	0.15683609676542537	0.9942307692307691	2
0.099	0.5146839223494276	0.0029865604778496766	0.09689729550356728	0.3854322216691555	0.1584373304395008	0.9942307692307691	2
0.1	0.5146839223494276	0.0029865604778496766	0.0975609756097561	0.38476854156296664	0.15934959349593497	0.9942307692307691	2
0.11	0.5151816824290691	0.0024888003982080635	0.10486145677783308	0.37746806039488967	0.16911961466416914	0.9951923076923076	2
0.12	0.5155135224821636	0.0021569603451136554	0.11448481831757093	0.3678446988551518	0.18172241243086645	0.9958333333333332	2
0.13	0.5156794425087108	0.001991040318566451	0.12460593993695039	0.35772357723577236	0.19461000259134492	0.9961538461538462	2
0.14	0.5156794425087108	0.001991040318566451	0.13489298158287705	0.3474365355898457	0.20734506503443	0.9961538461538462	2
0.15	0.5160112825618052	0.0016592002654720426	0.1440185830429733	0.33831093412974944	0.21820010055304173	0.9967948717948718	2
0.16	0.5160112825618052	0.0016592002654720426	0.15563298490127758	0.3266965322714452	0.23171936758893283	0.9967948717948718	2
0.16999999999999998	0.5160112825618052	0.0016592002654720426	0.16658370665339306	0.3157458105193297	0.2440447253281478	0.9967948717948718	2
0.18	0.5163431226148996	0.001327360212377634	0.1760411481665837	0.30628836900613904	0.25425353462736644	0.9974358974358973	2
0.19	0.5165090426414468	0.0011614401858304297	0.18450306952049111	0.29782644765223165	0.26319526627218937	0.9977564102564103	2
0.2	0.5168408826945412	8.296001327360213e-4	0.19412643106022898	0.2882030861124938	0.27304550758459745	0.9983974358974359	2
0.21000000000000002	0.5168408826945412	8.296001327360213e-4	0.2034179525468724	0.2789115646258503	0.28242340474545036	0.9983974358974359	2
0.22	0.5168408826945412	8.296001327360213e-4	0.21204579392732703	0.27028372324539574	0.2909173685408605	0.9983974358974359	2
0.22999999999999998	0.5170068027210885	6.63680106188817e-4	0.22050771528123445	0.2618218018914883	0.29898762654668165	0.9987179487179488	2
0.24	0.5171727227476356	4.977600796416127e-4	0.23162435705989712	0.2507051601128256	0.30932860624861513	0.9990384615384614	2
0.25	0.5171727227476356	4.977600796416127e-4	0.24091587854654056	0.24141363862618218	0.31779382797110967	0.9990384615384614	2
0.26	0.5171727227476356	4.977600796416127e-4	0.2497096399535424	0.23261987721918034	0.3256166161834704	0.9990384615384614	2
0.27	0.5171727227476356	4.977600796416127e-4	0.2585034013605442	0.22382611581217854	0.33326203208556154	0.9990384615384614	2
0.28	0.5171727227476356	4.977600796416127e-4	0.26895636303301806	0.21337315413970467	0.3421274799493457	0.9990384615384614	2
0.29	0.5171727227476356	4.977600796416127e-4	0.27924340467894476	0.203086112493778	0.350625	0.9990384615384614	2
0.3	0.5171727227476356	4.977600796416127e-4	0.290857806537249	0.1914717106354737	0.35995893223819303	0.9990384615384614	2
0.31	0.5171727227476356	4.977600796416127e-4	0.29948564791770366	0.18284386925501908	0.36672084518488424	0.9990384615384614	2
0.32	0.5171727227476356	4.977600796416127e-4	0.3092749294839887	0.17305458768873402	0.374222043766312	0.9990384615384614	2
0.33	0.5171727227476356	4.977600796416127e-4	0.3188982910237266	0.1634312261489962	0.3814248858900576	0.9990384615384614	2
0.34	0.5173386427741828	3.318400530944085e-4	0.3285216525634644	0.15380786460925833	0.38838760298156133	0.9993589743589744	2
0.35	0.5175045628007301	1.6592002654720425e-4	0.3369835739173718	0.1453459432553509	0.39436893203883494	0.9996794871794871	2
0.36	0.5175045628007301	1.6592002654720425e-4	0.34312261489961837	0.13920690227310437	0.3986890302679776	0.9996794871794871	2
0.37	0.5175045628007301	1.6592002654720425e-4	0.3520822963331674	0.13024722083955534	0.404884564014501	0.9996794871794871	2
0.38	0.5175045628007301	1.6592002654720425e-4	0.36087605774016923	0.1214534594325535	0.4108424631658481	0.9996794871794871	2
0.39	0.5176704828272772	0	0.36900613904098223	0.1133233781317405	0.4161676646706587	1	2
0.39999999999999997	0.5176704828272772	0	0.3773021403683425	0.10502737680438029	0.4215795328142381	1	2
0.41	0.5176704828272772	0	0.38875062220009954	0.0935788949726232	0.42888522789676004	1	2
0.42	0.5176704828272772	0	0.3995354239256678	0.08279409324705492	0.4356005788712012	1	2
0.43	0.5176704828272772	0	0.40816326530612246	0.0741662518666003	0.44086021505376344	1	2
0.44	0.5176704828272772	0	0.41662518666002984	0.06570433051269288	0.445924347362813	1	2
0.45	0.5176704828272772	0	0.4275759084121453	0.0547536087605774	0.4523433385992628	1	2
0.46	0.5176704828272772	0	0.43902439024390244	0.04330512692882031	0.4588969823100936	1	2
0.47	0.5176704828272772	0	0.4499751119960179	0.03235440517670483	0.46502057613168724	1	2
0.48	0.5176704828272772	0	0.4610917537746806	0.021237763398042144	0.47109679606713	1	2
0.49	0.5176704828272772	0	0.4718765555002489	0.010452961672473868	0.4768611670020121	1	2
0.5	0.5176704828272772	0	0.48232951717272277	0	0.48232951717272277	1	2
0	0	0.5176704828272772	0	0.48232951717272277	NA	0	3
0.001	0.5087108013937283	0.008959681433549029	0.002820640451302472	0.4795088767214203	0.0055141096334738885	0.9826923076923076	3
0.002	0.5095404015264643	0.008130081300813009	0.004977600796416127	0.47735191637630664	0.00967429861335053	0.9842948717948717	3
0.003	0.5098722415795587	0.0077982412477186	0.006304961008793761	0.47602455616392897	0.012214721954355513	0.9849358974358975	3
0.004	0.5105359216857475	0.007134561141529783	0.008130081300813009	0.4741994358719097	0.015674984005118364	0.9862179487179488	3
0.005	0.5110336817653891	0.00663680106188817	0.009623361539737847	0.4727061556329849	0.018483110261312937	0.9871794871794872	3
0.006	0.5111996017919362	0.006470881035340966	0.010784801725568276	0.4715447154471545	0.02066115702479339	0.9874999999999999	3
0.007	0.5113655218184835	0.006304961008793761	0.012444001991040319	0.4698855151816824	0.023756731073804244	0.9878205128205129	3
0.008	0.5113655218184835	0.006304961008793761	0.01327360212377634	0.4690559150489464	0.02530044275774826	0.9878205128205129	3
0.009000000000000001	0.5113655218184835	0.006304961008793761	0.01410320225651236	0.46822631491621036	0.026839280075781492	0.9878205128205129	3
0.01	0.5113655218184835	0.006304961008793761	0.015264642442342791	0.46706487473037994	0.02898550724637681	0.9878205128205129	3
0.011	0.5115314418450307	0.006139040982246557	0.016260162601626018	0.4660693545710967	0.030807922037095255	0.9881410256410256	3
0.012	0.5116973618715779	0.005973120955699353	0.016923842707814832	0.46540567446490794	0.03201506591337099	0.9884615384615385	3
0.013000000000000001	0.5116973618715779	0.005973120955699353	0.018085282893645263	0.46424423427907746	0.034137175070466645	0.9884615384615385	3
0.014	0.5118632818981251	0.005807200929152149	0.019246723079475694	0.46308279409324704	0.03623867541393314	0.9887820512820513	3
0.015	0.5118632818981251	0.005807200929152149	0.019744483159117306	0.46258503401360546	0.03714107365792759	0.9887820512820513	3
0.016	0.5118632818981251	0.005807200929152149	0.020574083291853326	0.4617554338808694	0.038641321283889064	0.9887820512820513	3
0.017	0.5123610419777667	0.005309440849510536	0.021237763398042144	0.4610917537746806	0.03980099502487562	0.9897435897435897	3
0.018000000000000002	0.5126928820308612	0.004977600796416127	0.022067363530778164	0.46026215364194456	0.041265901334160714	0.9903846153846153	3
0.019	0.5126928820308612	0.004977600796416127	0.02223328355732537	0.46009623361539737	0.04156327543424317	0.9903846153846153	3
0.02	0.5130247220839556	0.004645760743321719	0.023228803716608595	0.45910071345611414	0.043316831683168314	0.9910256410256411	3
0.021	0.5131906421105027	0.0044798407167745144	0.023892483822797413	0.45843703334992536	0.04448563484708064	0.9913461538461538	3
0.022	0.5131906421105027	0.0044798407167745144	0.024722083955533432	0.45760743321718933	0.045959284392350405	0.9913461538461538	3
0.023	0.5131906421105027	0.0044798407167745144	0.025883524141363863	0.4564459930313589	0.048014773776546636	0.9913461538461538	3
0.024	0.5131906421105027	0.0044798407167745144	0.027044964327194294	0.45528455284552843	0.050061425061425066	0.9913461538461538	3
0.025	0.5131906421105027	0.0044798407167745144	0.027874564459930314	0.45445495271279246	0.05151793928242871	0.9913461538461538	3
0.026000000000000002	0.5133565621370499	0.004313920690227311	0.029533764725402357	0.4527957524473204	0.054400977995110025	0.9916666666666667	3
0.027	0.5133565621370499	0.004313920690227311	0.030695204911232787	0.45163431226149	0.05641964013418725	0.9916666666666667	3
0.028	0.5133565621370499	0.004313920690227311	0.0311929649908744	0.45113655218184834	0.05728214503351615	0.9916666666666667	3
0.029	0.5133565621370499	0.004313920690227311	0.032022565123610416	0.4503069520491123	0.058716154548220253	0.9916666666666667	3
0.03	0.5133565621370499	0.004313920690227311	0.03351584536253526	0.4488136718101875	0.0612864077669903	0.9916666666666667	3
0.031	0.5133565621370499	0.004313920690227311	0.03434544549527128	0.44798407167745147	0.0627082702211451	0.9916666666666667	3
0.032	0.5133565621370499	0.004313920690227311	0.0350091256014601	0.44732039157126263	0.0638426626323752	0.9916666666666667	3
0.033	0.5133565621370499	0.004313920690227311	0.036004645760743324	0.4463248714119794	0.06553911205073996	0.9916666666666667	3
0.034	0.5133565621370499	0.004313920690227311	0.03716608594657375	0.445163431226149	0.06751054852320675	0.9916666666666667	3
0.035	0.5133565621370499	0.004313920690227311	0.037995686079309775	0.44433383109341296	0.06891363226000602	0.9916666666666667	3
0.036000000000000004	0.5133565621370499	0.004313920690227311	0.03882528621204579	0.4435042309606769	0.07031249999999999	0.9916666666666667	3
0.037	0.5135224821635972	0.004148000663680106	0.04031856645097063	0.4420109507217521	0.07279808268424205	0.9919871794871794	3
0.038	0.5135224821635972	0.004148000663680106	0.04098224655715945	0.4413472706155633	0.0739078396169958	0.9919871794871794	3
0.039	0.5135224821635972	0.004148000663680106	0.041977766716442676	0.44035175045628006	0.07556750298685781	0.9919871794871794	3
0.04	0.5135224821635972	0.004148000663680106	0.043471046955367514	0.43885847021735525	0.07804587429252308	0.9919871794871794	3
0.041	0.5135224821635972	0.004148000663680106	0.04479840716774515	0.4375311100049776	0.08023774145616641	0.9919871794871794	3
0.042	0.5136884021901443	0.003982080637132902	0.04595984735357558	0.43636966981914715	0.08212273940112659	0.9923076923076923	3
0.043000000000000003	0.5136884021901443	0.003982080637132902	0.047453127592500415	0.43487638958022234	0.08456534594914251	0.9923076923076923	3
0.044	0.5136884021901443	0.003982080637132902	0.04844864775178364	0.4338808694209391	0.08618654073199529	0.9923076923076923	3
0.045	0.5136884021901443	0.003982080637132902	0.04927824788451966	0.4330512692882031	0.08753315649867376	0.9923076923076923	3
0.046	0.5136884021901443	0.003982080637132902	0.0507715281234445	0.4315579890492782	0.08994708994708994	0.9923076923076923	3
0.047	0.5136884021901443	0.003982080637132902	0.051601128256180524	0.43072838891654225	0.09128265336072791	0.9923076923076923	3
0.048	0.5136884021901443	0.003982080637132902	0.05259664841546375	0.429732868757259	0.0928801640785233	0.9923076923076923	3
0.049	0.5136884021901443	0.003982080637132902	0.05375808860129418	0.42857142857142855	0.09473684210526316	0.9923076923076923	3
0.05	0.5136884021901443	0.003982080637132902	0.0545876887340302	0.4277418284386926	0.09605839416058395	0.9923076923076923	3
0.051000000000000004	0.5136884021901443	0.003982080637132902	0.05591504894640783	0.4264144682263149	0.09816487037576463	0.9923076923076923	3
0.052000000000000005	0.5138543222166916	0.0038161606105856978	0.05707648913223826	0.4252530280404845	0.0999709386806161	0.9926282051282053	3
0.053	0.5138543222166916	0.0038161606105856978	0.05774016923842708	0.42458934793429565	0.10101596516690856	0.9926282051282053	3
0.054	0.5140202422432387	0.0036502405840384933	0.05939936950389912	0.42293014766882364	0.10358796296296297	0.9929487179487179	3
0.055	0.5140202422432387	0.0036502405840384933	0.06089264974282396	0.4214368674298988	0.10591630591630594	0.9929487179487179	3
0.056	0.514186162269786	0.003484320557491289	0.06205408992865439	0.42027542724406836	0.10768787791534697	0.9932692307692308	3
0.057	0.514186162269786	0.003484320557491289	0.0627177700348432	0.4196117471378795	0.1087144089732528	0.9932692307692308	3
0.058	0.514186162269786	0.003484320557491289	0.06338145014103203	0.41894806703169074	0.1097385808675668	0.9932692307692308	3
0.059000000000000004	0.5143520822963331	0.003318400530944085	0.06421105027376804	0.4181184668989547	0.11098365357040436	0.9935897435897435	3
0.06	0.5143520822963331	0.003318400530944085	0.06520657043305127	0.4171229467396715	0.11251073575722875	0.9935897435897435	3
0.061	0.5143520822963331	0.003318400530944085	0.0660361705657873	0.41629334660693545	0.11377930245854777	0.9935897435897435	3
0.062	0.5145180023228804	0.0031524805043968806	0.06719761075161772	0.41513190642110503	0.11551625784369653	0.9939102564102564	3
0.063	0.5145180023228804	0.0031524805043968806	0.06835905093744815	0.4139704662352746	0.11727867919157417	0.9939102564102564	3
0.064	0.5145180023228804	0.0031524805043968806	0.06952049112327859	0.4128090260494442	0.11903409090909091	0.9939102564102564	3
0.065	0.5145180023228804	0.0031524805043968806	0.0703500912560146	0.41197942591670816	0.1202836879432624	0.9939102564102564	3
0.066	0.5146839223494276	0.0029865604778496766	0.07084785133565621	0.4114816658370665	0.12099744970246529	0.9942307692307691	3
0.067	0.5146839223494276	0.0029865604778496766	0.07167745146839223	0.4106520657043305	0.12224108658743632	0.9942307692307691	3
0.068	0.5146839223494276	0.0029865604778496766	0.07283889165422266	0.4094906255185001	0.12397627788760238	0.9942307692307691	3
0.069	0.5146839223494276	0.0029865604778496766	0.07383441181350589	0.40849510535921685	0.12545813363405695	0.9942307692307691	3
0.07	0.5146839223494276	0.0029865604778496766	0.07383441181350589	0.40849510535921685	0.12545813363405695	0.9942307692307691	3
0.07100000000000001	0.5146839223494276	0.0029865604778496766	0.07532769205243073	0.40700182512029204	0.12767154105736783	0.9942307692307691	3
0.07200000000000001	0.5148498423759748	0.002820640451302472	0.07632321221171395	0.4060063049610088	0.12910468706146505	0.9945512820512821	3
0.073	0.5148498423759748	0.002820640451302472	0.07748465239754439	0.40484486477517834	0.130812324929972	0.9945512820512821	3
0.074	0.5148498423759748	0.002820640451302472	0.077982412477186	0.40434710469553675	0.13154212146655472	0.9945512820512821	3
0.075	0.5148498423759748	0.002820640451302472	0.07848017255682761	0.4038493446158951	0.13227069351230428	0.9945512820512821	3
0.076	0.5148498423759748	0.002820640451302472	0.07964161274265803	0.4026879044300647	0.1339659503209601	0.9945512820512821	3
0.077	0.5148498423759748	0.002820640451302472	0.08063713290194126	0.40169238427078147	0.13541376427974364	0.9945512820512821	3
0.078	0.5148498423759748	0.002820640451302472	0.08146673303467729	0.40086278413804544	0.13661658319421258	0.9945512820512821	3
0.079	0.5148498423759748	0.002820640451302472	0.08262817322050771	0.399701343952215	0.13829491807831157	0.9945512820512821	3
0.08	0.5148498423759748	0.002820640451302472	0.08378961340633814	0.3985399037663846	0.13996674057649666	0.9945512820512821	3
0.081	0.5148498423759748	0.002820640451302472	0.08495105359216858	0.3973784635805542	0.14163208852005532	0.9945512820512821	3
0.082	0.5148498423759748	0.002820640451302472	0.085780653724904593	0.39654886344781815	0.14281767955801106	0.9945512820512821	3
0.083	0.5148498423759748	0.002820640451302472	0.08743985399037664	0.3948896631823461	0.14517906336088154	0.9945512820512821	3
0.084	0.5148498423759748	0.002820640451302472	0.08826945412311266	0.3940600630496101	0.14635488308115543	0.9945512820512821	3
0.085	0.5148498423759748	0.002820640451302472	0.0895968143354903	0.39273270283723244	0.14822948119681584	0.9945512820512821	3
0.08600000000000001	0.5148498423759748	0.002820640451302472	0.0902604944416791	0.39206902273104366	0.14916369618864822	0.9945512820512821	3
0.08700000000000001	0.5148498423759748	0.002820640451302472	0.09109009457441514	0.39123942259830763	0.15032858707557503	0.9945512820512821	3
0.088	0.5148498423759748	0.002820640451302472	0.09142193462750954	0.3909075825452132	0.15079365079365079	0.9945512820512821	3
0.089	0.5148498423759748	0.002820640451302472	0.09225153476024556	0.3900779824124772	0.15195408581579664	0.9945512820512821	3
0.09	0.5148498423759748	0.002820640451302472	0.0935788949726232	0.38875062220009954	0.15380419961821654	0.9945512820512821	3
0.091	0.5148498423759748	0.002820640451302472	0.09457441513190643	0.3877551020408163	0.15518649605227336	0.9945512820512821	3
0.092	0.5148498423759748	0.002820640451302472	0.09556993529118965	0.3867595818815331	0.15656428377276435	0.9945512820512821	3
0.093	0.5148498423759748	0.002820640451302472	0.09706321553011449	0.3852663016426083	0.15862255965292843	0.9945512820512821	3
0.094	0.5148498423759748	0.002820640451302472	0.0977268956363033	0.38460262153641944	0.159534127843987	0.9945512820512821	3
0.095	0.5148498423759748	0.002820640451302472	0.09872241579558652	0.3836071013771362	0.1608977825851812	0.9945512820512821	3
0.096	0.5148498423759748	0.002820640451302472	0.09971793595486975	0.382611581217853	0.16225701943844492	0.9945512820512821	3
0.097	0.5148498423759748	0.002820640451302472	0.10071345611415297	0.38161606105856977	0.16361185983827495	0.9945512820512821	3
0.098	0.5148498423759748	0.002820640451302472	0.1017089762734362	0.38062054089928654	0.16496232508073197	0.9945512820512821	3
0.099	0.5148498423759748	0.002820640451302472	0.10253857640617223	0.3797909407665505	0.16608438591776403	0.9945512820512821	3
0.1	0.5148498423759748	0.002820640451302472	0.10303633648581384	0.3792931806869089	0.1667561761546724	0.9945512820512821	3
0.11	0.5153476024556164	0.0023228803716608595	0.1133233781317405	0.36900613904098223	0.18025864344154127	0.9955128205128205	3
0.12	0.5155135224821636	0.0021569603451136554	0.12444001991040318	0.35788949726231956	0.19445164635727247	0.9958333333333332	3
0.13	0.515845362535258	0.0018251202920192466	0.13505890160942427	0.34727061556329847	0.2074942645934234	0.9964743589743591	3
0.14	0.515845362535258	0.0018251202920192466	0.14551186328189814	0.33681765389082463	0.2200200702458605	0.9964743589743591	3
0.15	0.5161772025883524	0.0014932802389248383	0.15447154471544716	0.3278579724572756	0.23033151904997526	0.9971153846153846	3
0.16	0.5161772025883524	0.0014932802389248383	0.1642608262817322	0.31806869089099055	0.2414045354791514	0.9971153846153846	3
0.16999999999999998	0.5161772025883524	0.0014932802389248383	0.17471378795420608	0.30761572921851665	0.25288184438040345	0.9971153846153846	3
0.18	0.5163431226148996	0.001327360212377634	0.18184834909573586	0.3004811680769869	0.26045627376425856	0.9974358974358973	3
0.19	0.5165090426414468	0.0011614401858304297	0.19097395055583208	0.29135556661689066	0.2699343339587242	0.9977564102564103	3
0.2	0.5165090426414468	0.0011614401858304297	0.2025883524141364	0.27974116475858635	0.2817258883248731	0.9977564102564103	3
0.21000000000000002	0.5168408826945412	8.296001327360213e-4	0.21022067363530778	0.272108843537415	0.28913738019169327	0.9983974358974359	3
0.22	0.5168408826945412	8.296001327360213e-4	0.22000995520159283	0.26231956197112993	0.29858140058545374	0.9983974358974359	3
0.22999999999999998	0.5168408826945412	8.296001327360213e-4	0.2297992367678779	0.2525302804048449	0.3077777777777778	0.9983974358974359	3
0.24	0.5171727227476356	4.977600796416127e-4	0.24074995851999337	0.2415795586527294	0.31764448336252193	0.9990384615384614	3
0.25	0.5171727227476356	4.977600796416127e-4	0.25319396051103366	0.22913555666168905	0.32866681025199224	0.9990384615384614	3
0.26	0.5171727227476356	4.977600796416127e-4	0.26231956197112993	0.22000995520159283	0.3365261813537676	0.9990384615384614	3
0.27	0.5171727227476356	4.977600796416127e-4	0.2722747635639622	0.21005475360876058	0.34489281210592687	0.9990384615384614	3
0.28	0.5171727227476356	4.977600796416127e-4	0.28073668491786957	0.20159283225485317	0.3518402994385528	0.9990384615384614	3
0.29	0.5171727227476356	4.977600796416127e-4	0.2890326862452298	0.19329683092749295	0.3585099814776703	0.9990384615384614	3
0.3	0.5171727227476356	4.977600796416127e-4	0.29931972789115646	0.18300978928156628	0.3665921560658403	0.9990384615384614	3
0.31	0.5171727227476356	4.977600796416127e-4	0.3091090094574415	0.17322050771528125	0.37409638554216873	0.9990384615384614	3
0.32	0.5171727227476356	4.977600796416127e-4	0.3172390907582545	0.16509042641446822	0.3801948697554186	0.9990384615384614	3
0.33	0.5171727227476356	4.977600796416127e-4	0.32470549195287873	0.15762402521984403	0.3856917619235317	0.9990384615384614	3
0.34	0.5171727227476356	4.977600796416127e-4	0.33349925335988057	0.1488302638128422	0.39204212990052667	0.9990384615384614	3
0.35	0.5173386427741828	3.318400530944085e-4	0.34046789447486314	0.14186162269785962	0.39690522243713733	0.9993589743589744	3
0.36	0.5175045628007301	1.6592002654720425e-4	0.3507549361207898	0.13157458105193298	0.40397477546340527	0.9996794871794871	3
0.37	0.5175045628007301	1.6592002654720425e-4	0.3585531773685084	0.12377633980421437	0.40928030303030305	0.9996794871794871	3
0.38	0.5175045628007301	1.6592002654720425e-4	0.366351418616227	0.11597809855649577	0.4144922094987798	0.9996794871794871	3
0.39	0.5176704828272772	0	0.3758088601294176	0.10652065704330513	0.4206128133704735	1	3
0.39999999999999997	0.5176704828272772	0	0.3867595818815331	0.09556993529118965	0.4276279581728123	1	3
0.41	0.5176704828272772	0	0.3948896631823461	0.08743985399037664	0.43272727272727274	1	3
0.42	0.5176704828272772	0	0.40700182512029204	0.07532769205243073	0.4401579041808721	1	3
0.43	0.5176704828272772	0	0.4141363862618218	0.06819313091090094	0.4444444444444445	1	3
0.44	0.5176704828272772	0	0.42375974780155967	0.0585697693711631	0.45012336975678535	1	3
0.45	0.5176704828272772	0	0.4330512692882031	0.04927824788451966	0.4554973821989529	1	3
0.46	0.5176704828272772	0	0.445993031358885	0.03633648581383773	0.4628099173553719	1	3
0.47	0.5176704828272772	0	0.45478679276588685	0.027542724406835906	0.46766763350964	1	3
0.48	0.5176704828272772	0	0.4635805541728887	0.01874896299983408	0.4724382820426108	1	3
0.49	0.5176704828272772	0	0.4740335158453625	0.008296001327360213	0.4779989961519157	1	3
0.5	0.5176704828272772	0	0.48232951717272277	0	0.48232951717272277	1	3
